도로명,mean
한누리대로,4.275897842920349
지방도96호선,3.3660717474980757
갈매로,2.9781336252189115
새내로,4.856737642585547
산학리길,2.9153301104972407
시목부강로,3.312264640883977
시청대로,3.281429558011052
일반국도1호선,3.7459002762430917
정안세종로,2.5012491712707177
조치원로,5.504025966850829
평기길,2.8414229281767964
용연로,3.1791157303370783
연청로,2.9818625352112664
일반국도36호선,5.499072835820898
충현로,4.057849044585984
지방도604호선,3.0768339285714283
절재로,3.725983141762454
당산로,3.4269252747252743
청연로,4.274557746478874
